{"mean":{"confidence_interval":{"confidence_level":0.95,"lower_bound":4407214.012000001,"upper_bound":4485082.725600001},"point_estimate":4445502.824999999,"standard_error":19869.51064825492},"median":{"confidence_interval":{"confidence_level":0.95,"lower_bound":4376095.85,"upper_bound":4428534.7},"point_estimate":4394786.800000001,"standard_error":13417.57848094336},"median_abs_dev":{"confidence_interval":{"confidence_level":0.95,"lower_bound":143047.14991490543,"upper_bound":249292.14322417974},"point_estimate":205741.95507734988,"standard_error":27959.880530113456},"slope":null,"std_dev":{"confidence_interval":{"confidence_level":0.95,"lower_bound":167480.324253351,"upper_bound":226879.99988401594},"point_estimate":199091.8676774697,"standard_error":15168.508242469969}}