{"mean":{"confidence_interval":{"confidence_level":0.95,"lower_bound":5038089.468199999,"upper_bound":5155610.359874997},"point_estimate":5094221.226,"standard_error":30031.559480766522},"median":{"confidence_interval":{"confidence_level":0.95,"lower_bound":4939651.4,"upper_bound":5000588.25},"point_estimate":4957018.9,"standard_error":13503.909676249823},"median_abs_dev":{"confidence_interval":{"confidence_level":0.95,"lower_bound":65903.64446997698,"upper_bound":143003.73568117578},"point_estimate":93415.28849154711,"standard_error":17625.418965468485},"slope":null,"std_dev":{"confidence_interval":{"confidence_level":0.95,"lower_bound":232426.66793221416,"upper_bound":359860.468010058},"point_estimate":302003.35131974117,"standard_error":32585.166956561436}}