{"mean":{"confidence_interval":{"confidence_level":0.95,"lower_bound":-0.03290820884966345,"upper_bound":0.05186509441487165},"point_estimate":0.009205702996207599,"standard_error":0.021686084380493017},"median":{"confidence_interval":{"confidence_level":0.95,"lower_bound":-0.04411063555977246,"upper_bound":0.019765935883835573},"point_estimate":-0.017809268207588658,"standard_error":0.01667288340557441}}