{"mean":{"confidence_interval":{"confidence_level":0.95,"lower_bound":-0.13558978448103395,"upper_bound":-0.06957866305263931},"point_estimate":-0.10202851229203913,"standard_error":0.0168519353308949},"median":{"confidence_interval":{"confidence_level":0.95,"lower_bound":-0.11362917405223494,"upper_bound":-0.025185288694900998},"point_estimate":-0.047282204726459276,"standard_error":0.022491378308983206}}