{"mean":{"confidence_interval":{"confidence_level":0.95,"lower_bound":-0.044458502763508816,"upper_bound":0.035303615963655895},"point_estimate":-0.006217460182157186,"standard_error":0.02047521957919621},"median":{"confidence_interval":{"confidence_level":0.95,"lower_bound":-0.04598826020630278,"upper_bound":0.025055928499561064},"point_estimate":0.0011821873184925114,"standard_error":0.01825119676021534}}