{"mean":{"confidence_interval":{"confidence_level":0.95,"lower_bound":-0.23070622384777967,"upper_bound":-0.1614728851984723},"point_estimate":-0.19679905253573382,"standard_error":0.017667502341374035},"median":{"confidence_interval":{"confidence_level":0.95,"lower_bound":-0.25811076974680924,"upper_bound":-0.1258164167415785},"point_estimate":-0.16431581793718675,"standard_error":0.036241780084988545}}