{"mean":{"confidence_interval":{"confidence_level":0.95,"lower_bound":0.06153390959280306,"upper_bound":0.1690993391900941},"point_estimate":0.1153653655046405,"standard_error":0.027507807379691666},"median":{"confidence_interval":{"confidence_level":0.95,"lower_bound":0.06729925170397011,"upper_bound":0.23898611997064934},"point_estimate":0.10723812474743344,"standard_error":0.051408461003820516}}