{"mean":{"confidence_interval":{"confidence_level":0.95,"lower_bound":0.29655753641943083,"upper_bound":0.46960086263443707},"point_estimate":0.3692856247142984,"standard_error":0.04425055523211671},"median":{"confidence_interval":{"confidence_level":0.95,"lower_bound":0.2234622221007374,"upper_bound":0.3360233577094591},"point_estimate":0.2649543845953828,"standard_error":0.028134696591171102}}