{"mean":{"confidence_interval":{"confidence_level":0.95,"lower_bound":0.17698274857092453,"upper_bound":0.2452012512374466},"point_estimate":0.21186810671379175,"standard_error":0.018080364633360605},"median":{"confidence_interval":{"confidence_level":0.95,"lower_bound":0.15356835106671896,"upper_bound":0.20020890101664834},"point_estimate":0.17712145271126523,"standard_error":0.012548092330631217}}