{"mean":{"confidence_interval":{"confidence_level":0.95,"lower_bound":-0.25437776683059876,"upper_bound":-0.19069580809410538},"point_estimate":-0.22349635524729272,"standard_error":0.016255684861751513},"median":{"confidence_interval":{"confidence_level":0.95,"lower_bound":-0.32652404815325686,"upper_bound":-0.1406100706351685},"point_estimate":-0.20324862766597207,"standard_error":0.047340546084711096}}