{"mean":{"confidence_interval":{"confidence_level":0.95,"lower_bound":0.06125620314731088,"upper_bound":0.11631078220236635},"point_estimate":0.08631643110256304,"standard_error":0.01408230725554697},"median":{"confidence_interval":{"confidence_level":0.95,"lower_bound":0.0427952772897359,"upper_bound":0.08515627609690357},"point_estimate":0.06738404121816433,"standard_error":0.013075427113515437}}