{"mean":{"confidence_interval":{"confidence_level":0.95,"lower_bound":628929.1082461873,"upper_bound":662027.1708388352},"point_estimate":644693.3982042312,"standard_error":8468.085774910747},"median":{"confidence_interval":{"confidence_level":0.95,"lower_bound":601791.7025346723,"upper_bound":617227.5878815912},"point_estimate":608608.1244588745,"standard_error":4026.46979453609},"median_abs_dev":{"confidence_interval":{"confidence_level":0.95,"lower_bound":19525.21274400334,"upper_bound":41521.36506156645},"point_estimate":29267.802820715227,"standard_error":5699.4385241157115},"slope":{"confidence_interval":{"confidence_level":0.95,"lower_bound":603443.3671907139,"upper_bound":619243.3528294787},"point_estimate":610672.2890808334,"standard_error":4031.059099097057},"std_dev":{"confidence_interval":{"confidence_level":0.95,"lower_bound":64058.15301303345,"upper_bound":102790.71549284429},"point_estimate":85329.51468791236,"standard_error":9873.087145263418}}