{"mean":{"confidence_interval":{"confidence_level":0.95,"lower_bound":0.07442850771251684,"upper_bound":0.1282812793122511},"point_estimate":0.10068236489165439,"standard_error":0.01398939178402179},"median":{"confidence_interval":{"confidence_level":0.95,"lower_bound":0.06426816375633781,"upper_bound":0.1267430720408973},"point_estimate":0.1037224283678937,"standard_error":0.01601430702353675}}