{"mean":{"confidence_interval":{"confidence_level":0.95,"lower_bound":-0.170947651661818,"upper_bound":-0.09862703196267852},"point_estimate":-0.13553078073405622,"standard_error":0.01849724636829685},"median":{"confidence_interval":{"confidence_level":0.95,"lower_bound":-0.1871206472375495,"upper_bound":-0.038024132662862975},"point_estimate":-0.09139022557015652,"standard_error":0.03772244729829435}}