{"mean":{"confidence_interval":{"confidence_level":0.95,"lower_bound":-0.14131543312322992,"upper_bound":-0.052517662165693396},"point_estimate":-0.09986185857308094,"standard_error":0.022594315131203278},"median":{"confidence_interval":{"confidence_level":0.95,"lower_bound":-0.25181722547181684,"upper_bound":-0.06430593070505575},"point_estimate":-0.20649974474437793,"standard_error":0.04998595036472016}}