{"mean":{"confidence_interval":{"confidence_level":0.95,"lower_bound":0.08360735081991195,"upper_bound":0.2183294210891354},"point_estimate":0.1477439142905359,"standard_error":0.03484348673090955},"median":{"confidence_interval":{"confidence_level":0.95,"lower_bound":0.04456754976827271,"upper_bound":0.16111798306063993},"point_estimate":0.10361010064864651,"standard_error":0.02946788566340093}}