{"mean":{"confidence_interval":{"confidence_level":0.95,"lower_bound":-0.02463884822055399,"upper_bound":0.06194862670824232},"point_estimate":0.017965271140817363,"standard_error":0.022022438311127664},"median":{"confidence_interval":{"confidence_level":0.95,"lower_bound":-0.026024129613760993,"upper_bound":0.0685873879986195},"point_estimate":0.021788503191651376,"standard_error":0.023558720789714636}}