{"mean":{"confidence_interval":{"confidence_level":0.95,"lower_bound":0.13185745294999485,"upper_bound":0.24554028011454526},"point_estimate":0.18686560212677428,"standard_error":0.02883867379488113},"median":{"confidence_interval":{"confidence_level":0.95,"lower_bound":0.16749900759529202,"upper_bound":0.4012257572960929},"point_estimate":0.32227303698824405,"standard_error":0.06256675318005343}}