{"mean":{"confidence_interval":{"confidence_level":0.95,"lower_bound":632604.5891339816,"upper_bound":650734.453456009},"point_estimate":641296.3696128053,"standard_error":4620.625352211152},"median":{"confidence_interval":{"confidence_level":0.95,"lower_bound":617763.3482142857,"upper_bound":628309.4285714285},"point_estimate":622463.238113167,"standard_error":2323.065232626658},"median_abs_dev":{"confidence_interval":{"confidence_level":0.95,"lower_bound":11092.751841215677,"upper_bound":24645.461736246816},"point_estimate":15745.77068456959,"standard_error":3299.7270697926674},"slope":{"confidence_interval":{"confidence_level":0.95,"lower_bound":629683.1264330556,"upper_bound":645987.8491165593},"point_estimate":637360.9775749963,"standard_error":4170.218588814744},"std_dev":{"confidence_interval":{"confidence_level":0.95,"lower_bound":35446.548288294296,"upper_bound":55903.11884298213},"point_estimate":46429.08336471703,"standard_error":5240.268358696081}}