{"mean":{"confidence_interval":{"confidence_level":0.95,"lower_bound":-0.2430844604875802,"upper_bound":-0.18816153441729297},"point_estimate":-0.21575467041282415,"standard_error":0.014001921415064369},"median":{"confidence_interval":{"confidence_level":0.95,"lower_bound":-0.2277504302735962,"upper_bound":-0.14964369079066162},"point_estimate":-0.1940312085918675,"standard_error":0.02459848978261164}}