{"mean":{"confidence_interval":{"confidence_level":0.95,"lower_bound":-0.9488225207050724,"upper_bound":-0.9442737630077241},"point_estimate":-0.9466339553497561,"standard_error":0.0011648608299699215},"median":{"confidence_interval":{"confidence_level":0.95,"lower_bound":-0.9493352878826189,"upper_bound":-0.9440288012492997},"point_estimate":-0.94684907312955,"standard_error":0.001329130678381073}}