{"mean":{"confidence_interval":{"confidence_level":0.95,"lower_bound":-0.02840217339323762,"upper_bound":-0.009476576179095045},"point_estimate":-0.018313490867352233,"standard_error":0.004809549035834361},"median":{"confidence_interval":{"confidence_level":0.95,"lower_bound":-0.030886298541246804,"upper_bound":-0.004918271575844346},"point_estimate":-0.021795571541912917,"standard_error":0.0067102085658273325}}