{"mean":{"confidence_interval":{"confidence_level":0.95,"lower_bound":-0.05466515683426478,"upper_bound":-0.03690106162587102},"point_estimate":-0.04553401559134673,"standard_error":0.004538965155903843},"median":{"confidence_interval":{"confidence_level":0.95,"lower_bound":-0.0636900174859184,"upper_bound":-0.038183530819042306},"point_estimate":-0.046913821671282885,"standard_error":0.006653409746836774}}