{"mean":{"confidence_interval":{"confidence_level":0.95,"lower_bound":0.09874803846534534,"upper_bound":0.18477877783666957},"point_estimate":0.14275601591815512,"standard_error":0.022009124471788235},"median":{"confidence_interval":{"confidence_level":0.95,"lower_bound":0.10588937356758765,"upper_bound":0.2096126823920723},"point_estimate":0.16429531770577266,"standard_error":0.025552576049817467}}