{"mean":{"confidence_interval":{"confidence_level":0.95,"lower_bound":-0.14015462088672223,"upper_bound":-0.07249996898684803},"point_estimate":-0.10801082627196734,"standard_error":0.01728187543826743},"median":{"confidence_interval":{"confidence_level":0.95,"lower_bound":-0.1439006106219448,"upper_bound":-0.07924564511069898},"point_estimate":-0.10888050113019365,"standard_error":0.015761218902879667}}