{"mean":{"confidence_interval":{"confidence_level":0.95,"lower_bound":-0.05109766397682927,"upper_bound":0.036272407358077324},"point_estimate":-0.011157950782457737,"standard_error":0.022297150855623355},"median":{"confidence_interval":{"confidence_level":0.95,"lower_bound":-0.07166657174849689,"upper_bound":0.09428870917347743},"point_estimate":-0.0031737866708788642,"standard_error":0.0431866214319993}}