{"mean":{"confidence_interval":{"confidence_level":0.95,"lower_bound":0.00975233132801787,"upper_bound":0.08656380261138144},"point_estimate":0.04807914437372629,"standard_error":0.019849432330189425},"median":{"confidence_interval":{"confidence_level":0.95,"lower_bound":-0.015420172289538847,"upper_bound":0.038921018246839356},"point_estimate":0.008565873385584233,"standard_error":0.014076544566185883}}