{"mean":{"confidence_interval":{"confidence_level":0.95,"lower_bound":-0.09330989970763891,"upper_bound":0.000038579186608583604},"point_estimate":-0.0463068628239407,"standard_error":0.023695272925065212},"median":{"confidence_interval":{"confidence_level":0.95,"lower_bound":-0.17230894195317992,"upper_bound":-0.03829342283731696},"point_estimate":-0.11966670807200908,"standard_error":0.03394170185931594}}