{"mean":{"confidence_interval":{"confidence_level":0.95,"lower_bound":-0.08009374821667692,"upper_bound":0.00041162055259323085},"point_estimate":-0.041974868248295105,"standard_error":0.02051184569253201},"median":{"confidence_interval":{"confidence_level":0.95,"lower_bound":-0.13626370970323265,"upper_bound":0.005749010394132448},"point_estimate":-0.06347747638830725,"standard_error":0.03632413803697216}}