{"mean":{"confidence_interval":{"confidence_level":0.95,"lower_bound":-0.014365961020283424,"upper_bound":0.0358038786928649},"point_estimate":0.009998246941342437,"standard_error":0.012765360372818358},"median":{"confidence_interval":{"confidence_level":0.95,"lower_bound":-0.031267092389237305,"upper_bound":0.029897652408595415},"point_estimate":-0.0030049149973991884,"standard_error":0.015898256871182407}}