{"mean":{"confidence_interval":{"confidence_level":0.95,"lower_bound":0.13806535220480656,"upper_bound":0.39071599619446906},"point_estimate":0.27046435822773884,"standard_error":0.06384935263577665},"median":{"confidence_interval":{"confidence_level":0.95,"lower_bound":0.02106408904148438,"upper_bound":0.3359159905663387},"point_estimate":0.18059920069326774,"standard_error":0.08503227078151872}}