{"mean":{"confidence_interval":{"confidence_level":0.95,"lower_bound":0.08294704568496522,"upper_bound":0.16922958932067172},"point_estimate":0.125087022423924,"standard_error":0.02205676778146281},"median":{"confidence_interval":{"confidence_level":0.95,"lower_bound":0.08127053895051972,"upper_bound":0.25559694975146163},"point_estimate":0.1852397291779555,"standard_error":0.04508262052930337}}