{"mean":{"confidence_interval":{"confidence_level":0.95,"lower_bound":0.07346265988808845,"upper_bound":0.1265825527673316},"point_estimate":0.09941982986067899,"standard_error":0.013693200289514203},"median":{"confidence_interval":{"confidence_level":0.95,"lower_bound":0.06348218780316772,"upper_bound":0.14362950097492688},"point_estimate":0.1083698280595915,"standard_error":0.0206885655162646}}