{"mean":{"confidence_interval":{"confidence_level":0.95,"lower_bound":-0.26863644857603614,"upper_bound":-0.21655979685959176},"point_estimate":-0.2423571224139316,"standard_error":0.013288768990209863},"median":{"confidence_interval":{"confidence_level":0.95,"lower_bound":-0.3093230803481354,"upper_bound":-0.21233369747155761},"point_estimate":-0.2753434763959781,"standard_error":0.02587984798448186}}