{"mean":{"confidence_interval":{"confidence_level":0.95,"lower_bound":-0.01413062620059865,"upper_bound":0.03817359096337471},"point_estimate":0.012514219067661925,"standard_error":0.013387420661989202},"median":{"confidence_interval":{"confidence_level":0.95,"lower_bound":-0.017455937200379523,"upper_bound":0.051949532759845374},"point_estimate":0.017240077391205144,"standard_error":0.016910847664975595}}