{"mean":{"confidence_interval":{"confidence_level":0.95,"lower_bound":-0.24384147462504896,"upper_bound":-0.15529365629006098},"point_estimate":-0.19570907527644865,"standard_error":0.022599167158391494},"median":{"confidence_interval":{"confidence_level":0.95,"lower_bound":-0.22430435260704545,"upper_bound":-0.11277413706218109},"point_estimate":-0.1488862805511636,"standard_error":0.029396599144711016}}