{"mean":{"confidence_interval":{"confidence_level":0.95,"lower_bound":0.06325800482629618,"upper_bound":0.19056516713823962},"point_estimate":0.12126808429256086,"standard_error":0.0325666477045913},"median":{"confidence_interval":{"confidence_level":0.95,"lower_bound":0.045802862513226295,"upper_bound":0.18423339117003867},"point_estimate":0.08138515250105827,"standard_error":0.03784354804097852}}