{"mean":{"confidence_interval":{"confidence_level":0.95,"lower_bound":-0.010044537447850868,"upper_bound":0.10020268295223873},"point_estimate":0.04350690596808482,"standard_error":0.028259370591267874},"median":{"confidence_interval":{"confidence_level":0.95,"lower_bound":-0.06934902867628034,"upper_bound":0.019837603688415584},"point_estimate":-0.01641453440678542,"standard_error":0.024067492648447795}}