{"mean":{"confidence_interval":{"confidence_level":0.95,"lower_bound":-0.019819321093936193,"upper_bound":0.0816946446771885},"point_estimate":0.02841337080398998,"standard_error":0.025917316796064297},"median":{"confidence_interval":{"confidence_level":0.95,"lower_bound":-0.06802521009084028,"upper_bound":0.07484747609871958},"point_estimate":-0.012752287587481148,"standard_error":0.03960038417068786}}