{"mean":{"confidence_interval":{"confidence_level":0.95,"lower_bound":0.007620182254446475,"upper_bound":0.06466285049555603},"point_estimate":0.03771150094818276,"standard_error":0.01457948973975874},"median":{"confidence_interval":{"confidence_level":0.95,"lower_bound":0.00883323468174102,"upper_bound":0.06047396950003825},"point_estimate":0.03050805638855647,"standard_error":0.013545092762372223}}