{"mean":{"confidence_interval":{"confidence_level":0.95,"lower_bound":-0.2149078819517811,"upper_bound":-0.13978135754700463},"point_estimate":-0.17872787097535248,"standard_error":0.019112353575366746},"median":{"confidence_interval":{"confidence_level":0.95,"lower_bound":-0.187277224506196,"upper_bound":-0.07549124090145208},"point_estimate":-0.12885651941818255,"standard_error":0.03064569568890416}}