{"mean":{"confidence_interval":{"confidence_level":0.95,"lower_bound":-0.06903846149371523,"upper_bound":-0.006966361880095838},"point_estimate":-0.037210647180627165,"standard_error":0.015856428585809903},"median":{"confidence_interval":{"confidence_level":0.95,"lower_bound":-0.08074193021755383,"upper_bound":-0.007210031486850288},"point_estimate":-0.04272411650498176,"standard_error":0.019311055076906787}}