{"mean":{"confidence_interval":{"confidence_level":0.95,"lower_bound":-0.024528567788200117,"upper_bound":0.07157909352803475},"point_estimate":0.02012532362346553,"standard_error":0.02445113544278517},"median":{"confidence_interval":{"confidence_level":0.95,"lower_bound":-0.028973080215441982,"upper_bound":0.11945467728881187},"point_estimate":0.042191133325435226,"standard_error":0.0366803136753738}}