{"mean":{"confidence_interval":{"confidence_level":0.95,"lower_bound":4311157.922916667,"upper_bound":4376029.718375},"point_estimate":4342520.1175,"standard_error":16581.431228626796},"median":{"confidence_interval":{"confidence_level":0.95,"lower_bound":4259808.25,"upper_bound":4321938.583333333},"point_estimate":4286531.083333334,"standard_error":14736.174421092375},"median_abs_dev":{"confidence_interval":{"confidence_level":0.95,"lower_bound":79751.64713412523,"upper_bound":152349.19342026114},"point_estimate":113845.08370384666,"standard_error":18313.880427442502},"slope":null,"std_dev":{"confidence_interval":{"confidence_level":0.95,"lower_bound":136509.97176526196,"upper_bound":193367.89391600824},"point_estimate":166959.17789895748,"standard_error":14573.240645735355}}