{"mean":{"confidence_interval":{"confidence_level":0.95,"lower_bound":0.03520998550223541,"upper_bound":0.09578798712890862},"point_estimate":0.06543102158555536,"standard_error":0.015257185778520293},"median":{"confidence_interval":{"confidence_level":0.95,"lower_bound":0.029919036004165678,"upper_bound":0.07882405688176553},"point_estimate":0.055589196966749466,"standard_error":0.01207681012276134}}