{"mean":{"confidence_interval":{"confidence_level":0.95,"lower_bound":-0.22244146364196266,"upper_bound":-0.14357842859822006},"point_estimate":-0.18373957789380224,"standard_error":0.020155816166484715},"median":{"confidence_interval":{"confidence_level":0.95,"lower_bound":-0.20736312997118223,"upper_bound":-0.12755433837731012},"point_estimate":-0.1708445280639126,"standard_error":0.020947304297126653}}