{"mean":{"confidence_interval":{"confidence_level":0.95,"lower_bound":0.015371888294849622,"upper_bound":0.10357140763700741},"point_estimate":0.060016382693649284,"standard_error":0.02256313220478128},"median":{"confidence_interval":{"confidence_level":0.95,"lower_bound":0.0327559334114029,"upper_bound":0.12961903659328033},"point_estimate":0.07637397519284006,"standard_error":0.024685898336790014}}