{"mean":{"confidence_interval":{"confidence_level":0.95,"lower_bound":-0.04772119459037161,"upper_bound":0.05526037214322252},"point_estimate":0.0029448422512587946,"standard_error":0.02622273737185281},"median":{"confidence_interval":{"confidence_level":0.95,"lower_bound":-0.10319867416686579,"upper_bound":0.059484633877144644},"point_estimate":0.0035985555221433874,"standard_error":0.039666261562015664}}