{"mean":{"confidence_interval":{"confidence_level":0.95,"lower_bound":-0.2707012965915488,"upper_bound":-0.1875767120605206},"point_estimate":-0.22916535535895133,"standard_error":0.021163949331384817},"median":{"confidence_interval":{"confidence_level":0.95,"lower_bound":-0.25169113431312007,"upper_bound":-0.13889205092433635},"point_estimate":-0.18843014979192296,"standard_error":0.02801179330327048}}