{"mean":{"confidence_interval":{"confidence_level":0.95,"lower_bound":-0.04511068525104911,"upper_bound":0.057650894821859575},"point_estimate":0.0026800080100493062,"standard_error":0.02622109317441647},"median":{"confidence_interval":{"confidence_level":0.95,"lower_bound":-0.1296833222907774,"upper_bound":0.127817853259659},"point_estimate":-0.03598131197570198,"standard_error":0.06468766599764099}}