{"mean":{"confidence_interval":{"confidence_level":0.95,"lower_bound":-0.9981992041087825,"upper_bound":-0.9980486757361636},"point_estimate":-0.9981282085019295,"standard_error":0.000038468268848618625},"median":{"confidence_interval":{"confidence_level":0.95,"lower_bound":-0.9982930987096283,"upper_bound":-0.9981951845750036},"point_estimate":-0.9982388291504637,"standard_error":0.000026575394596532}}