{"mean":{"confidence_interval":{"confidence_level":0.95,"lower_bound":23415.741746570748,"upper_bound":24266.57840981655},"point_estimate":23821.255461989906,"standard_error":215.9285761518896},"median":{"confidence_interval":{"confidence_level":0.95,"lower_bound":22902.201550387595,"upper_bound":23384.496124031008},"point_estimate":23084.407039665763,"standard_error":150.38811015085966},"median_abs_dev":{"confidence_interval":{"confidence_level":0.95,"lower_bound":735.3492059526068,"upper_bound":1711.6683444175872},"point_estimate":1198.68662283559,"standard_error":251.6454767754971},"slope":{"confidence_interval":{"confidence_level":0.95,"lower_bound":23352.396190551855,"upper_bound":24298.247932712726},"point_estimate":23797.68459679498,"standard_error":241.6035721075196},"std_dev":{"confidence_interval":{"confidence_level":0.95,"lower_bound":1642.4747877054003,"upper_bound":2632.5361638284216},"point_estimate":2167.414397747558,"standard_error":254.9654621720876}}