{"mean":{"confidence_interval":{"confidence_level":0.95,"lower_bound":-0.1404818737157274,"upper_bound":-0.07153062982889606},"point_estimate":-0.1066417339380531,"standard_error":0.017618481694105598},"median":{"confidence_interval":{"confidence_level":0.95,"lower_bound":-0.15322414437768983,"upper_bound":-0.0907517527841277},"point_estimate":-0.11631346293031508,"standard_error":0.015753848143779187}}