{"mean":{"confidence_interval":{"confidence_level":0.95,"lower_bound":5249203.514024998,"upper_bound":5449273.754400002},"point_estimate":5345385.817000001,"standard_error":51002.709217651936},"median":{"confidence_interval":{"confidence_level":0.95,"lower_bound":5049775.3,"upper_bound":5381914.9},"point_estimate":5251965.4,"standard_error":82960.48095430646},"median_abs_dev":{"confidence_interval":{"confidence_level":0.95,"lower_bound":277001.56608223775,"upper_bound":599359.7942492372},"point_estimate":498061.2251776467,"standard_error":84376.27221822542},"slope":null,"std_dev":{"confidence_interval":{"confidence_level":0.95,"lower_bound":394237.42963393044,"upper_bound":628753.9661625746},"point_estimate":513688.94007729803,"standard_error":60201.73465879263}}