{"mean":{"confidence_interval":{"confidence_level":0.95,"lower_bound":5532575.344924999,"upper_bound":5836251.744299998},"point_estimate":5679680.842999999,"standard_error":77649.70242043596},"median":{"confidence_interval":{"confidence_level":0.95,"lower_bound":5369169.7,"upper_bound":5630653.8},"point_estimate":5452308.65,"standard_error":77713.01499259728},"median_abs_dev":{"confidence_interval":{"confidence_level":0.95,"lower_bound":414437.10104227066,"upper_bound":782060.5148756498},"point_estimate":623303.0425241581,"standard_error":97581.3964388721},"slope":null,"std_dev":{"confidence_interval":{"confidence_level":0.95,"lower_bound":622200.0552893357,"upper_bound":909650.2331016952},"point_estimate":776094.8516158467,"standard_error":73629.51399943844}}