{"mean":{"confidence_interval":{"confidence_level":0.95,"lower_bound":-0.22335643521011084,"upper_bound":-0.1431131729136511},"point_estimate":-0.18414525134608495,"standard_error":0.02055139124762017},"median":{"confidence_interval":{"confidence_level":0.95,"lower_bound":-0.24196720764214596,"upper_bound":-0.09173536989886563},"point_estimate":-0.16217806498420284,"standard_error":0.04547212445420134}}