{"mean":{"confidence_interval":{"confidence_level":0.95,"lower_bound":-0.057567763405119654,"upper_bound":-0.009471425392618455},"point_estimate":-0.034150803306092214,"standard_error":0.012346951585231103},"median":{"confidence_interval":{"confidence_level":0.95,"lower_bound":-0.07445202292056063,"upper_bound":-0.02013212203549708},"point_estimate":-0.055366137601066456,"standard_error":0.013957029677560809}}