{"mean":{"confidence_interval":{"confidence_level":0.95,"lower_bound":-0.1321619022647197,"upper_bound":-0.06116967576648283},"point_estimate":-0.09687249800050157,"standard_error":0.01818906371002051},"median":{"confidence_interval":{"confidence_level":0.95,"lower_bound":-0.06674121269742872,"upper_bound":-0.032566887646107934},"point_estimate":-0.05262937442796278,"standard_error":0.009763556337580189}}