{"mean":{"confidence_interval":{"confidence_level":0.95,"lower_bound":-0.0006053264592415987,"upper_bound":0.10715765570098829},"point_estimate":0.05311410296945307,"standard_error":0.027664014799725807},"median":{"confidence_interval":{"confidence_level":0.95,"lower_bound":-0.03342458957207606,"upper_bound":0.09523281691206709},"point_estimate":0.013391742831422082,"standard_error":0.03481749997144693}}