{"mean":{"confidence_interval":{"confidence_level":0.95,"lower_bound":-0.06266421040873475,"upper_bound":0.04548545209490027},"point_estimate":-0.008219406885844549,"standard_error":0.027551039388916534},"median":{"confidence_interval":{"confidence_level":0.95,"lower_bound":-0.06869507482213422,"upper_bound":0.041433742835683685},"point_estimate":-0.007281596702726545,"standard_error":0.0282112438658306}}