{"mean":{"confidence_interval":{"confidence_level":0.95,"lower_bound":0.008321707997511557,"upper_bound":0.11452401132873094},"point_estimate":0.0593499598406495,"standard_error":0.027166362100072554},"median":{"confidence_interval":{"confidence_level":0.95,"lower_bound":-0.029854129339099145,"upper_bound":0.17355843772907886},"point_estimate":0.05161145146639612,"standard_error":0.058917630492578865}}