{"mean":{"confidence_interval":{"confidence_level":0.95,"lower_bound":0.2814955449622585,"upper_bound":0.34931839011316135},"point_estimate":0.3155317982976136,"standard_error":0.017640783384889478},"median":{"confidence_interval":{"confidence_level":0.95,"lower_bound":0.23824759496173442,"upper_bound":0.2942186651168903},"point_estimate":0.27749987415690236,"standard_error":0.014542352286248077}}