{"mean":{"confidence_interval":{"confidence_level":0.95,"lower_bound":-0.21421236005542643,"upper_bound":-0.16453928929952644},"point_estimate":-0.18887206762241993,"standard_error":0.012667389538114866},"median":{"confidence_interval":{"confidence_level":0.95,"lower_bound":-0.18207725155984542,"upper_bound":-0.13755487849800108},"point_estimate":-0.1627894342467857,"standard_error":0.011712538953680386}}