{"mean":{"confidence_interval":{"confidence_level":0.95,"lower_bound":-0.23610525936856575,"upper_bound":-0.1861258609882401},"point_estimate":-0.21140851521850534,"standard_error":0.012782342297004786},"median":{"confidence_interval":{"confidence_level":0.95,"lower_bound":-0.23662454053413695,"upper_bound":-0.1572219380334895},"point_estimate":-0.20296324624403772,"standard_error":0.019938621427829494}}