{"mean":{"confidence_interval":{"confidence_level":0.95,"lower_bound":0.17980096882092902,"upper_bound":0.27491795878212455},"point_estimate":0.22826855167268767,"standard_error":0.024294279572924845},"median":{"confidence_interval":{"confidence_level":0.95,"lower_bound":0.16566224253851147,"upper_bound":0.2938014787063339},"point_estimate":0.2359958573807992,"standard_error":0.03272900728655601}}