{"mean":{"confidence_interval":{"confidence_level":0.95,"lower_bound":-0.13865924662214055,"upper_bound":-0.06619132412754684},"point_estimate":-0.10296838590917945,"standard_error":0.01848114583500729},"median":{"confidence_interval":{"confidence_level":0.95,"lower_bound":-0.12476957797430022,"upper_bound":-0.061821204059604784},"point_estimate":-0.09062760058290831,"standard_error":0.016134007154299645}}