{"mean":{"confidence_interval":{"confidence_level":0.95,"lower_bound":-0.18996689518983434,"upper_bound":-0.1302040378950197},"point_estimate":-0.16128332612781893,"standard_error":0.01529425936021665},"median":{"confidence_interval":{"confidence_level":0.95,"lower_bound":-0.22673071520504107,"upper_bound":-0.13288174216649773},"point_estimate":-0.19899500485684918,"standard_error":0.024771844961752484}}