{"mean":{"confidence_interval":{"confidence_level":0.95,"lower_bound":-0.17594265579083432,"upper_bound":-0.11959764901315052},"point_estimate":-0.1483822629936753,"standard_error":0.014344523942584324},"median":{"confidence_interval":{"confidence_level":0.95,"lower_bound":-0.1592047640663209,"upper_bound":-0.09281288563828327},"point_estimate":-0.1232692255148572,"standard_error":0.016978454642713976}}