{"mean":{"confidence_interval":{"confidence_level":0.95,"lower_bound":0.0689541698351236,"upper_bound":0.28268793910019846},"point_estimate":0.1397880899786499,"standard_error":0.055290995720386656},"median":{"confidence_interval":{"confidence_level":0.95,"lower_bound":0.0467587195558663,"upper_bound":0.0954920572046063},"point_estimate":0.07548034025209605,"standard_error":0.012609567478180303}}