{"mean":{"confidence_interval":{"confidence_level":0.95,"lower_bound":0.13315619706540696,"upper_bound":0.2143644679386892},"point_estimate":0.1744643225422815,"standard_error":0.02080111467365103},"median":{"confidence_interval":{"confidence_level":0.95,"lower_bound":0.09889079962264269,"upper_bound":0.20723002544843006},"point_estimate":0.15250938558491867,"standard_error":0.02789216548545048}}