{"mean":{"confidence_interval":{"confidence_level":0.95,"lower_bound":-0.18784186693949015,"upper_bound":-0.042543453837449445},"point_estimate":-0.10538701959731045,"standard_error":0.03871646936365342},"median":{"confidence_interval":{"confidence_level":0.95,"lower_bound":-0.07330185755990104,"upper_bound":-0.03396328789062253},"point_estimate":-0.056915535762614766,"standard_error":0.010477575965001842}}