{"mean":{"confidence_interval":{"confidence_level":0.95,"lower_bound":0.0005121811622026489,"upper_bound":0.11414200305944883},"point_estimate":0.060075225681228916,"standard_error":0.02904990396705219},"median":{"confidence_interval":{"confidence_level":0.95,"lower_bound":-0.025898867447689544,"upper_bound":0.04373076059295378},"point_estimate":0.004058564335240655,"standard_error":0.018031068171455507}}