{"mean":{"confidence_interval":{"confidence_level":0.95,"lower_bound":-0.061311851377265844,"upper_bound":0.012516868155525412},"point_estimate":-0.02401181135198327,"standard_error":0.01890777843618354},"median":{"confidence_interval":{"confidence_level":0.95,"lower_bound":-0.0819510167473192,"upper_bound":-0.008437702722252305},"point_estimate":-0.047872351316067596,"standard_error":0.01814229034979582}}