{"mean":{"confidence_interval":{"confidence_level":0.95,"lower_bound":0.05428671248780736,"upper_bound":0.1550872198420134},"point_estimate":0.10745619570214471,"standard_error":0.025773182881930985},"median":{"confidence_interval":{"confidence_level":0.95,"lower_bound":0.047256121123028016,"upper_bound":0.19155554198722857},"point_estimate":0.13586602543625914,"standard_error":0.03748145154660445}}