{"mean":{"confidence_interval":{"confidence_level":0.95,"lower_bound":-0.07228921464071246,"upper_bound":0.02074862597103344},"point_estimate":-0.026377491082156035,"standard_error":0.02366966368115621},"median":{"confidence_interval":{"confidence_level":0.95,"lower_bound":-0.12394736529733075,"upper_bound":0.03224341219372118},"point_estimate":-0.05421064852636992,"standard_error":0.03905432564728521}}