{"mean":{"confidence_interval":{"confidence_level":0.95,"lower_bound":-0.16694277889966325,"upper_bound":-0.08554593195626341},"point_estimate":-0.12792834933214714,"standard_error":0.020790341896927963},"median":{"confidence_interval":{"confidence_level":0.95,"lower_bound":-0.25513337212789333,"upper_bound":-0.10497102652346679},"point_estimate":-0.18174468902037344,"standard_error":0.04122294684105467}}