{"mean":{"confidence_interval":{"confidence_level":0.95,"lower_bound":0.04438771928183138,"upper_bound":0.17450965841444402},"point_estimate":0.10813377558115556,"standard_error":0.0334004404883248},"median":{"confidence_interval":{"confidence_level":0.95,"lower_bound":0.07654636015910642,"upper_bound":0.29121510121451766},"point_estimate":0.19032706588267811,"standard_error":0.05529637694001916}}