{"mean":{"confidence_interval":{"confidence_level":0.95,"lower_bound":-0.05964042524933465,"upper_bound":-0.03589857173313424},"point_estimate":-0.047669102470369484,"standard_error":0.006033256769812766},"median":{"confidence_interval":{"confidence_level":0.95,"lower_bound":-0.07861805038418013,"upper_bound":-0.041071084511929645},"point_estimate":-0.0690009575620778,"standard_error":0.009798781814811345}}