{"mean":{"confidence_interval":{"confidence_level":0.95,"lower_bound":-0.07841704034148637,"upper_bound":-0.06011062318290224},"point_estimate":-0.06949047819148246,"standard_error":0.00466457363924098},"median":{"confidence_interval":{"confidence_level":0.95,"lower_bound":-0.07942369219032064,"upper_bound":-0.06630858933085404},"point_estimate":-0.07401853150334758,"standard_error":0.003525517231200871}}