{"mean":{"confidence_interval":{"confidence_level":0.95,"lower_bound":-0.1425409675962286,"upper_bound":-0.09768443487042637},"point_estimate":-0.12011285169008623,"standard_error":0.011442624797919288},"median":{"confidence_interval":{"confidence_level":0.95,"lower_bound":-0.13316949621697827,"upper_bound":-0.08423787983926481},"point_estimate":-0.10592947583444079,"standard_error":0.013195500154948619}}