{"mean":{"confidence_interval":{"confidence_level":0.95,"lower_bound":-0.2022569864547933,"upper_bound":-0.15037567166954094},"point_estimate":-0.17734112817075698,"standard_error":0.013285969132391585},"median":{"confidence_interval":{"confidence_level":0.95,"lower_bound":-0.22979955837455934,"upper_bound":-0.14514175272834773},"point_estimate":-0.19279049932202208,"standard_error":0.024363741239290658}}