{"mean":{"confidence_interval":{"confidence_level":0.95,"lower_bound":-0.03173814961874417,"upper_bound":0.05571267512557341},"point_estimate":0.010833521797377621,"standard_error":0.02222958931595208},"median":{"confidence_interval":{"confidence_level":0.95,"lower_bound":-0.018002766414719196,"upper_bound":0.17215461022027162},"point_estimate":0.0875429474827989,"standard_error":0.04760069777417689}}