{"mean":{"confidence_interval":{"confidence_level":0.95,"lower_bound":-0.2728108419948069,"upper_bound":-0.22816325705656995},"point_estimate":-0.2510967697463278,"standard_error":0.011400726662232219},"median":{"confidence_interval":{"confidence_level":0.95,"lower_bound":-0.290943006724224,"upper_bound":-0.21525960388393428},"point_estimate":-0.24662102844364475,"standard_error":0.021070114476800537}}