{"mean":{"confidence_interval":{"confidence_level":0.95,"lower_bound":-0.07574171314211979,"upper_bound":-0.0008400343780549901},"point_estimate":-0.039170019432306136,"standard_error":0.019087308621075726},"median":{"confidence_interval":{"confidence_level":0.95,"lower_bound":-0.09740597649323102,"upper_bound":0.01626603059165377},"point_estimate":-0.039947945332547974,"standard_error":0.02658092448312014}}