{"mean":{"confidence_interval":{"confidence_level":0.95,"lower_bound":0.05285011518126733,"upper_bound":0.14127787039921325},"point_estimate":0.09784876209871518,"standard_error":0.0224929625850627},"median":{"confidence_interval":{"confidence_level":0.95,"lower_bound":0.004400398175531395,"upper_bound":0.16589602523515756},"point_estimate":0.054481650334935905,"standard_error":0.03799186781758086}}