{"mean":{"confidence_interval":{"confidence_level":0.95,"lower_bound":-0.015470827054221372,"upper_bound":0.022318507171735107},"point_estimate":0.0029229443720977244,"standard_error":0.009551702791333227},"median":{"confidence_interval":{"confidence_level":0.95,"lower_bound":-0.017629607006328096,"upper_bound":0.019341053326416224},"point_estimate":0.000711229724865925,"standard_error":0.009710979144563226}}