{"mean":{"confidence_interval":{"confidence_level":0.95,"lower_bound":129343.0843179233,"upper_bound":136064.1540838776},"point_estimate":132548.56570590902,"standard_error":1718.481957545062},"median":{"confidence_interval":{"confidence_level":0.95,"lower_bound":123621.15131578948,"upper_bound":127954.08585744424},"point_estimate":126167.42301356589,"standard_error":1222.530328974388},"median_abs_dev":{"confidence_interval":{"confidence_level":0.95,"lower_bound":4675.221201177919,"upper_bound":8596.831116248279},"point_estimate":6935.978935236085,"standard_error":1060.9403428132425},"slope":{"confidence_interval":{"confidence_level":0.95,"lower_bound":125642.61861877287,"upper_bound":130783.91495789077},"point_estimate":127930.56750295551,"standard_error":1313.7871351843598},"std_dev":{"confidence_interval":{"confidence_level":0.95,"lower_bound":13313.510868554062,"upper_bound":20576.218656725952},"point_estimate":17306.498614376585,"standard_error":1849.5239170281666}}