{"mean":{"confidence_interval":{"confidence_level":0.95,"lower_bound":372781186.78425,"upper_bound":386092677.436},"point_estimate":379360617.42,"standard_error":3397676.1931677833},"median":{"confidence_interval":{"confidence_level":0.95,"lower_bound":364977216.0,"upper_bound":381574316.5},"point_estimate":373071698.5,"standard_error":4355638.422079319},"median_abs_dev":{"confidence_interval":{"confidence_level":0.95,"lower_bound":24613384.20432508,"upper_bound":47726615.93388319},"point_estimate":38056912.83925474,"standard_error":5822853.217694249},"slope":null,"std_dev":{"confidence_interval":{"confidence_level":0.95,"lower_bound":30060803.10556312,"upper_bound":37667923.525817595},"point_estimate":34187684.20689312,"standard_error":1948775.2814647797}}