{"mean":{"confidence_interval":{"confidence_level":0.95,"lower_bound":685352.8063982724,"upper_bound":737792.6683166923},"point_estimate":710083.9783895336,"standard_error":13382.446064551752},"median":{"confidence_interval":{"confidence_level":0.95,"lower_bound":645239.7402880838,"upper_bound":666022.5652173914},"point_estimate":657043.0001851851,"standard_error":6309.230806629465},"median_abs_dev":{"confidence_interval":{"confidence_level":0.95,"lower_bound":21527.83652119817,"upper_bound":49658.11659614999},"point_estimate":33649.12060465706,"standard_error":7600.009703713005},"slope":{"confidence_interval":{"confidence_level":0.95,"lower_bound":676759.3862869502,"upper_bound":711692.6308316131},"point_estimate":693960.7508970002,"standard_error":8947.46705452453},"std_dev":{"confidence_interval":{"confidence_level":0.95,"lower_bound":97981.16831308704,"upper_bound":164053.47966926795},"point_estimate":134879.02024375496,"standard_error":16860.41097435231}}