{"mean":{"confidence_interval":{"confidence_level":0.95,"lower_bound":-0.07247066997460426,"upper_bound":-0.005473663999097956},"point_estimate":-0.040141958821544144,"standard_error":0.01700093512283874},"median":{"confidence_interval":{"confidence_level":0.95,"lower_bound":-0.05847047097413782,"upper_bound":-0.0174767412233795},"point_estimate":-0.03335389774781883,"standard_error":0.010437542370499363}}