{"mean":{"confidence_interval":{"confidence_level":0.95,"lower_bound":0.13449243996947294,"upper_bound":0.2330287503301315},"point_estimate":0.18264243622588738,"standard_error":0.025243827603083722},"median":{"confidence_interval":{"confidence_level":0.95,"lower_bound":0.1307597449819542,"upper_bound":0.23031263081693965},"point_estimate":0.17630842075070952,"standard_error":0.02418191685125404}}