{"mean":{"confidence_interval":{"confidence_level":0.95,"lower_bound":-0.09604205503843578,"upper_bound":-0.0425649014528063},"point_estimate":-0.06949552534543091,"standard_error":0.013662793396625359},"median":{"confidence_interval":{"confidence_level":0.95,"lower_bound":-0.0881980272182903,"upper_bound":-0.020755437628692808},"point_estimate":-0.04792784806573158,"standard_error":0.018162936219891773}}