{"mean":{"confidence_interval":{"confidence_level":0.95,"lower_bound":-0.1985785080695275,"upper_bound":-0.1473959745752014},"point_estimate":-0.1730108192899632,"standard_error":0.013131804728354356},"median":{"confidence_interval":{"confidence_level":0.95,"lower_bound":-0.1663088448596131,"upper_bound":-0.11430223996923838},"point_estimate":-0.1327028553947407,"standard_error":0.012362513531805166}}